state_num,race_eth2,inc_bin,tested,positive,death,popsize3120,popsize10120,case_rate,test_rate,death_rate,case_fatal,per_pos,per_dec,popsize3_pc,popsize10_pc,pc,death_mr,popsize3_mr,mr,tested_tr,popsize3_tr,tr,positive_cr,popsize3_cr,cr,positive_pp,tested_pp,test_rep,pp,death_cf,death_rep,cf,pos_rep,positive_cf,hos_rep,hospital,b_w,h_w,api_w,na_w,m_w,u_w,state,raceethnicity,racehispanic,acspopracehispanic
1,1,0,,83259,,,,,,,,,,,,0,,,0,,,0,,,0,,,,0,,,0,,,,,0,0,0,0,0,0,CA,White,,
1,2,0,,21102,,,,,,,,,,,,0,,,0,,,0,,,0,,,,0,,,0,,,,,1,,,,,,CA,Black,,
1,3,0,,297838,,,,,,,,,,,,0,,,0,,,0,,,0,,,,0,,,0,,,,,,1,,,,,CA,Hispanic,,
1,4,0,,26887,,,,,,,,,,,,0,,,0,,,0,,,0,,,,0,,,0,,,,,,,1,,,,CA,Asian,,
1,5,0,,,,,,,,,,,,,,0,,,0,,,0,,,0,,,,0,,,0,,,,,,,,1,,,CA,Native American,,
1,6,0,,,,,,,,,,,,,,0,,,0,,,0,,,0,,,,0,,,0,,,,,,,,,1,,CA,Two or more races,,
1,9,0,,64012,,,,,,,,,,,,0,,,0,,,0,,,0,,,,0,,,0,,,,,,,,,,1,CA,Unknown,,
1,1,1,,3010,,25633,,117.42676,,,,,,,,0,,,0,,,0,,,1,,,0,0,,0,0,1,,0,,0,0,0,0,0,0,CA,White,,
1,2,1,,2707,,35231,,76.835739,,,,,,,,0,,,0,,,0,,,1,,,0,0,,0,0,1,,0,,1,,,,,,CA,Black,,
1,3,1,,5478,,55381,,98.914787,,,,,,,,0,,,0,,,0,,,1,,,0,0,,0,0,1,,0,,,1,,,,,CA,Hispanic,,
1,4,1,,179,,1718,,104.19092,,,,,,,,0,,,0,,,0,,,1,,,0,0,,0,0,1,,0,,,,1,,,,CA,Asian,,
1,5,1,,,,,,,,,,,,,,0,,,0,,,0,,,0,,,0,0,,0,0,1,,0,,,,,1,,,CA,Native American,,
1,6,1,,,,,,,,,,,,,,0,,,0,,,0,,,0,,,0,0,,0,0,1,,0,,,,,,1,,CA,Two or more races,,
1,9,1,,690,,6396,,107.87993,,,,,,,,0,,,0,,,0,,,1,,,0,0,,0,0,1,,0,,,,,,,1,CA,Unknown,,
2,1,0,,26161,1225,3778212,3778212,6.9241748,,.32422745,46.825428,,0,,,1,,,1,,,0,,,1,,,,0,,,1,,,,,0,0,0,0,0,0,CO,White,,
2,2,0,,2934,123,216732,216732,13.537457,,.56752115,41.922291,,0,,,1,,,1,,,0,,,1,,,,0,,,1,,,,,1,,,,,,CO,Black,,
2,3,0,,25858,455,1184794,1184794,21.82489,,.38403299,17.596102,,0,,,1,,,1,,,0,,,1,,,,0,,,1,,,,,,1,,,,,CO,Hispanic,1,1
2,4,0,,1615,70,177036,177036,9.1224384,,.39539981,43.343655,,0,,,1,,,1,,,0,,,1,,,,0,,,1,,,,,,,1,,,,CO,Asian,,
2,5,0,,395,13,30131,30131,13.109422,,.43144932,32.911392,,0,,,1,,,1,,,0,,,1,,,,0,,,1,,,,,,,,1,,,CO,Native American,,
2,6,0,,909,27,133884,133884,6.7894597,,.20166712,29.702971,,0,,,1,,,1,,,0,,,1,,,,0,,,1,,,,,,,,,1,,CO,Two or more races,,
2,9,0,,12118,81,10352,10352,1170.5951,,7.8245749,6.6842713,,0,,,1,,,1,,,0,,,1,,,,0,,,1,,,,,,,,,,1,CO,Unknown,,
2,1,1,5769,415,2,7276,7625,57.036835,792.88068,.2748763,4.8192773,7.1936212,4.7965918,,,1,,,1,,,1,,,1,,,1,1,,1,1,1,,0,,0,0,0,0,0,0,CO,White,,
2,2,1,2139,142,0,2952,3077,48.102982,724.59351,0,0,6.6386161,4.2344174,,,1,,,1,,,1,,,1,,,1,1,,1,1,1,,0,,1,,,,,,CO,Black,,
2,3,1,3853,288,1,4939,5286,58.311398,780.11743,.20247014,3.4722223,7.4746952,7.0257139,,,1,,,1,,,1,,,1,,,1,1,,1,1,1,,0,,,1,,,,,CO,Hispanic,1,
2,4,1,140,10,0,201,224,49.751244,696.5174,0,0,7.1428571,11.442786,,,1,,,1,,,1,,,1,,,1,1,,1,1,1,,0,,,,1,,,,CO,Asian,,
2,5,1,484,38,0,573,604,66.317627,844.67712,0,0,7.8512397,5.4101224,,,1,,,1,,,1,,,1,,,1,1,,1,1,1,,0,,,,,1,,,CO,Native American,,
2,6,1,,,,,,,,,,,,,,0,,,0,,,0,,,0,,,1,0,,1,0,1,,0,,,,,,1,,CO,Two or more races,,
2,9,1,9,1,,,,,,,,11.111111,,,,0,,,0,,,0,,,0,,,1,1,,1,0,1,,0,,,,,,,1,CO,Unknown,,
3,1,0,,19985,3296,2418696,2418696,8.2627163,,1.3627177,164.92369,,0,,,1,,,1,,,0,,,1,,,,0,,,1,,,,,0,0,0,0,0,0,CT,White,,
3,2,0,,7418,662,351817,351817,21.084826,,1.8816601,89.242386,,0,,,1,,,1,,,0,,,1,,,,0,,,1,,,,,1,,,,,,CT,Black,,
3,3,0,,11307,401,561791,561791,20.126701,,.71378857,35.464756,,0,,,1,,,1,,,0,,,1,,,,0,,,1,,,,,,1,,,,,CT,Hispanic,1,1
3,4,0,,843,49,158158,158158,5.3301129,,.30981678,58.12574,,0,,,1,,,1,,,0,,,1,,,,0,,,1,,,,,,,1,,,,CT,Asian,,
3,5,0,,58,2,5320,5320,10.902256,,.37593985,34.482758,,0,,,1,,,1,,,0,,,1,,,,0,,,1,,,,,,,,1,,,CT,Native American,,
3,6,0,,373,35,74301,74301,5.0201211,,.47105691,93.833778,,0,,,1,,,1,,,0,,,1,,,,0,,,1,,,,,,,,,1,,CT,Two or more races,,
3,9,0,,34575,105,11421,11421,3027.3181,,9.1935911,3.0368764,,0,,,1,,,1,,,0,,,1,,,,0,,,1,,,,,,,,,,1,CT,Unknown,,
3,1,1,3522,459,1,3653,2545,125.65015,964.13904,.27374759,2.1786492,13.032368,-30.331234,,,1,,,1,,,1,,,1,,,1,1,,1,1,1,,1,135,0,0,0,0,0,0,CT,White,,
3,2,1,5334,637,4,5349,4177,119.08768,997.19574,.74780333,6.2794347,11.942257,-21.910637,,,1,,,1,,,1,,,1,,,1,1,,1,1,1,,1,269,1,,,,,,CT,Black,,
3,3,1,3330,530,2,3307,2547,160.2661,1006.955,.60477775,3.7735848,15.915915,-22.981554,,,1,,,1,,,1,,,1,,,1,1,,1,1,1,,1,197,,1,,,,,CT,Hispanic,1,
3,4,1,61,4,0,61,50,65.573769,1000,0,0,6.5573769,-18.032787,,,1,,,1,,,1,,,1,,,1,1,,1,1,1,,1,1,,,1,,,,CT,Asian,,
3,5,1,43,4,0,41,31,97.560974,1048.7805,0,0,9.3023252,-24.390244,,,1,,,1,,,1,,,1,,,1,1,,1,1,1,,1,1,,,,1,,,CT,Native American,,
3,6,1,,,,,,,,,,,,,,0,,,0,,,0,,,0,,,1,0,,1,0,1,,1,,,,,,1,,CT,Two or more races,,
3,9,1,,,,,,,,,,,,,,0,,,0,,,0,,,0,,,1,0,,1,0,1,,1,,,,,,,1,CT,Unknown,,
4,1,0,,1048,13,355612,355612,2.9470322,,.036556698,12.40458,,0,,,1,,,1,,,0,,,1,,,,0,,,1,,,,,0,0,0,0,0,0,HI,White,,
4,2,0,,164,5,26266,26266,6.2438135,,.19036016,30.487804,,0,,,1,,,1,,,0,,,1,,,,0,,,1,,,,,1,,,,,,HI,Black,,
4,3,0,,,,151356,151356,,,,,,0,,,1,,,0,,,0,,,0,,,,0,,,0,,,,,,1,,,,,HI,Hispanic,0,0
4,4,0,,5007,106,680116,680116,7.3619795,,.15585576,21.170361,,0,,,1,,,1,,,0,,,1,,,,0,,,1,,,,,,,1,,,,HI,Asian,,
4,5,0,,,,2987,2987,,,,,,0,,,1,,,0,,,0,,,0,,,,0,,,0,,,,,,,,1,,,HI,Native American,,
4,6,0,,,,341756,341756,,,,,,0,,,1,,,0,,,0,,,0,,,,0,,,0,,,,,,,,,1,,HI,Two or more races,,
4,9,0,,6191,12,15292,15292,404.8522,,.78472406,1.9382975,,0,,,1,,,1,,,0,,,1,,,,0,,,1,,,,,,,,,,1,HI,Unknown,,
4,1,1,,,0,1266,915,,,0,,,-27.725119,,,1,,,1,,,0,,,0,,,0,0,,0,0,0,,0,0,0,0,0,0,0,0,HI,White,,
4,2,1,,,0,230,186,,,0,,,-19.130434,,,1,,,1,,,0,,,0,,,0,0,,0,0,0,,0,0,1,,,,,,HI,Black,,
4,3,1,,,,,,,,,,,,,,0,,,0,,,0,,,0,,,0,0,,0,0,0,,0,,,1,,,,,HI,Hispanic,,
4,4,1,,,0,3397,2635,,,0,,,-22.431557,,,1,,,1,,,0,,,0,,,0,0,,0,0,0,,0,0,,,1,,,,HI,Asian,,
4,5,1,,,0,53,35,,,0,,,-33.962265,,,1,,,1,,,0,,,0,,,0,0,,0,0,0,,0,0,,,,1,,,HI,Native American,,
4,6,1,,,,,,,,,,,,,,0,,,0,,,0,,,0,,,0,0,,0,0,0,,0,,,,,,1,,HI,Two or more races,,
4,9,1,,,0,401,284,,,0,,,-29.177057,,,1,,,1,,,0,,,0,,,0,0,,0,0,0,,0,0,,,,,,1,HI,Unknown,,
5,1,0,,63089,1087,2827889,2827889,22.309574,,.38438568,17.229628,,0,,,1,,,1,,,0,,,1,,,,0,,,1,,,,,0,0,0,0,0,0,IA,White,,
5,2,0,,5331,51,109911,109911,48.50288,,.46401179,9.5666857,,0,,,1,,,1,,,0,,,1,,,,0,,,1,,,,,1,,,,,,IA,Black,,
5,3,0,,11551,74,191473,191473,60.327042,,.38647747,6.4063716,,0,,,1,,,1,,,0,,,1,,,,0,,,1,,,,,,1,,,,,IA,Hispanic,0,0
5,4,0,,3489,40,78212,78212,44.609524,,.51143044,11.464603,,0,,,1,,,1,,,0,,,1,,,,0,,,1,,,,,,,1,,,,IA,Asian,,
5,5,0,,888,4,11549,11549,76.889771,,.34635034,4.5045047,,0,,,1,,,1,,,0,,,1,,,,0,,,1,,,,,,,,1,,,IA,Native American,,
5,6,0,,0,0,65770,65770,0,,0,,,0,,,1,,,1,,,0,,,1,,,,0,,,1,,,,,,,,,1,,IA,Two or more races,,
5,9,0,,31987,340,39168,39168,816.66156,,8.6805553,10.629318,,0,,,1,,,1,,,0,,,1,,,,0,,,1,,,,,,,,,,1,IA,Unknown,,
5,1,1,2792,798,1.5,5512,4794,144.77504,506.53122,.27213353,1.8796992,28.581661,-13.026125,,,1,,,1,,,1,,,1,,,1,1,,1,1,1,,1,37,0,0,0,0,0,0,IA,White,,
5,2,1,1019,269,21.5,2137,1898,125.8774,476.8367,10.060833,79.925652,26.39843,-11.183903,,,1,,,1,,,1,,,1,,,1,1,,1,1,1,,1,12,1,,,,,,IA,Black,,
5,3,1,496,60,21,572,485,104.8951,867.13287,36.713287,350,12.096774,-15.20979,,,1,,,1,,,1,,,1,,,1,1,,1,1,1,,1,2,,1,,,,,IA,Hispanic,1,
5,4,1,36,13,0,64,65,203.125,562.5,0,0,36.111111,1.5625,,,1,,,1,,,1,,,1,,,1,1,,1,1,1,,1,1,,,1,,,,IA,Asian,,
5,5,1,115,22,21,152,175,144.73685,756.57892,138.1579,954.54547,19.130434,15.131579,,,1,,,1,,,1,,,1,,,1,1,,1,1,1,,1,0,,,,1,,,IA,Native American,,
5,6,1,,,,,,,,,,,,,,0,,,0,,,0,,,0,,,1,0,,1,0,1,,1,,,,,,1,,IA,Two or more races,,
5,9,1,,,0,1,1,,,0,,,0,,,1,,,1,,,0,,,0,,,1,0,,1,0,1,,1,,,,,,,1,IA,Unknown,,
6,1,0,,20773,444,1527262,1527262,13.601464,,.29071632,21.373899,,0,,,1,,,1,,,0,,,1,,,,0,,,1,,,,,0,0,0,0,0,0,ID,White,,
6,2,0,,369,4,11536,11536,31.986824,,.34674063,10.840109,,0,,,1,,,1,,,0,,,1,,,,0,,,1,,,,,1,,,,,,ID,Black,,
6,3,0,,7318,57,222464,222464,32.89521,,.25622123,7.7890134,,0,,,1,,,1,,,0,,,1,,,,0,,,1,,,,,,1,,,,,ID,Hispanic,0,0
6,4,0,,422,3,26519,26519,15.913119,,.11312643,7.109005,,0,,,1,,,1,,,0,,,1,,,,0,,,1,,,,,,,1,,,,ID,Asian,,
6,5,0,,633,7,22790,22790,27.775339,,.30715227,11.058452,,0,,,1,,,1,,,0,,,1,,,,0,,,1,,,,,,,,1,,,ID,Native American,,
6,6,0,,1356,,46592,46592,29.103708,,,,,0,,,1,,,0,,,0,,,1,,,,0,,,0,,,,,,,,,1,,ID,Two or more races,,
6,9,0,,37766,15,53110,53110,711.09021,,.28243268,.39718264,,0,,,1,,,1,,,0,,,1,,,,0,,,1,,,,,,,,,,1,ID,Unknown,,
6,1,1,5780,1216,2,5854,5076,207.72122,987.35907,.34164673,1.6447369,21.038063,-13.290058,,,1,,,1,,,1,,,1,,,1,1,,1,1,1,,1,4,0,0,0,0,0,0,ID,White,,
6,2,1,263,57,0,260,242,219.23077,1011.5385,0,0,21.673004,-6.9230771,,,1,,,1,,,1,,,1,,,1,1,,1,1,1,,1,0,1,,,,,,ID,Black,,
6,3,1,1106,266,0,1154,979,230.50259,958.40552,0,0,24.050632,-15.164644,,,1,,,1,,,1,,,1,,,1,1,,1,1,1,,1,1,,1,,,,,ID,Hispanic,1,
6,4,1,34,6,0,34,29,176.47058,1000,0,0,17.647058,-14.705882,,,1,,,1,,,1,,,1,,,1,1,,1,1,1,,1,0,,,1,,,,ID,Asian,,
6,5,1,326,80,0,304,295,263.1579,1072.3684,0,0,24.539877,-2.9605262,,,1,,,1,,,1,,,1,,,1,1,,1,1,1,,1,1,,,,1,,,ID,Native American,,
6,6,1,,,,,,,,,,,,,,0,,,0,,,0,,,0,,,1,0,,1,0,1,,1,,,,,,1,,ID,Two or more races,,
6,9,1,228,56,0,213,200,262.9108,1070.4225,0,0,24.561403,-6.1032863,,,1,,,1,,,1,,,1,,,1,1,,1,1,1,,1,0,,,,,,1,ID,Unknown,,
7,1,0,,40007,484,2460619,2460619,16.258917,,.19669847,12.097883,,0,,,1,,,1,,,0,,,1,,,,0,,,1,,,,,0,0,0,0,0,0,KS,White,,
7,2,0,,4151,87,169801,169801,24.446264,,.51236445,20.958805,,0,,,1,,,1,,,0,,,1,,,,0,,,1,,,,,1,,,,,,KS,Black,,
7,3,0,,14832,93,348443,348443,42.566502,,.26690161,6.2702265,,0,,,1,,,1,,,0,,,1,,,,0,,,1,,,,,,1,,,,,KS,Hispanic,0,0
7,4,0,,1501,15,85674,85674,17.519901,,.17508228,9.9933376,,0,,,1,,,1,,,0,,,1,,,,0,,,1,,,,,,,1,,,,KS,Asian,,
7,5,0,,474,7,24050,24050,19.708941,,.2910603,14.767933,,0,,,1,,,1,,,0,,,1,,,,0,,,1,,,,,,,,1,,,KS,Native American,,
7,6,0,,,,101044,101044,,,,,,0,,,1,,,0,,,0,,,0,,,,0,,,0,,,,,,,,,1,,KS,Two or more races,,
7,9,0,,27190,146,67588,67588,402.29034,,2.1601467,5.3696213,,0,,,1,,,1,,,0,,,1,,,,0,,,1,,,,,,,,,,1,KS,Unknown,,
7,1,1,,,2,6852,,,,.29188558,,,,,,0,,,1,,,0,,,0,,,0,0,,1,0,0,,0,,0,0,0,0,0,0,KS,White,,
7,2,1,,,5,2828,,,,1.768034,,,,,,0,,,1,,,0,,,0,,,0,0,,1,0,0,,0,,1,,,,,,KS,Black,,
7,3,1,,,0,1235,,,,0,,,,,,0,,,1,,,0,,,0,,,0,0,,1,0,0,,0,,,1,,,,,KS,Hispanic,0,
7,4,1,,,0,94,,,,0,,,,,,0,,,1,,,0,,,0,,,0,0,,1,0,0,,0,,,,1,,,,KS,Asian,,
7,5,1,,,0,270,,,,0,,,,,,0,,,1,,,0,,,0,,,0,0,,1,0,0,,0,,,,,1,,,KS,Native American,,
7,6,1,,,,,,,,,,,,,,0,,,0,,,0,,,0,,,0,0,,1,0,0,,0,,,,,,1,,KS,Two or more races,,
7,9,1,,,,,,,,,,,,,,0,,,0,,,0,,,0,,,0,0,,1,0,0,,0,,,,,,,1,KS,Unknown,,
8,1,0,,37435,896,3866676,3866676,9.6814423,,.23172358,23.93482,,0,,,1,,,1,,,0,,,1,,,,0,,,1,,,,,0,0,0,0,0,0,KY,White,,
8,2,0,,5604,138,354112,354112,15.825501,,.38970721,24.625267,,0,,,1,,,1,,,0,,,1,,,,0,,,1,,,,,1,,,,,,KY,Black,,
8,3,0,,4667,37,161506,161506,28.896759,,.22909366,7.9280052,,0,,,1,,,1,,,0,,,1,,,,0,,,1,,,,,,1,,,,,KY,Hispanic,0,0
8,4,0,,581,12,65616,65616,8.8545475,,.18288222,20.654045,,0,,,1,,,1,,,0,,,1,,,,0,,,1,,,,,,,1,,,,KY,Asian,,
8,5,0,,163,,9888,9888,16.484629,,,,,0,,,1,,,0,,,0,,,1,,,,0,,,0,,,,,,,,1,,,KY,Native American,,
8,6,0,,2743,26,99826,99826,27.477812,,.26045319,9.478673,,0,,,1,,,1,,,0,,,1,,,,0,,,1,,,,,,,,,1,,KY,Two or more races,,
8,9,0,,47414,240,44086,44086,1075.4888,,5.4439049,5.0617962,,0,,,1,,,1,,,0,,,1,,,,0,,,1,,,,,,,,,,1,KY,Unknown,,
8,1,1,,,6,8434,,,,.71140623,,,,,,0,,,1,,,0,,,0,,,0,0,,1,0,0,,0,,0,0,0,0,0,0,KY,White,,
8,2,1,,,5,3157,,,,1.5837821,,,,,,0,,,1,,,0,,,0,,,0,0,,1,0,0,,0,,1,,,,,,KY,Black,,
8,3,1,,,,,,,,,,,,,,0,,,0,,,0,,,0,,,0,0,,1,0,0,,0,,,1,,,,,KY,Hispanic,,
8,4,1,,,,,,,,,,,,,,0,,,0,,,0,,,0,,,0,0,,1,0,0,,0,,,,1,,,,KY,Asian,,
8,5,1,,,,,,,,,,,,,,0,,,0,,,0,,,0,,,0,0,,1,0,0,,0,,,,,1,,,KY,Native American,,
8,6,1,,,,,,,,,,,,,,0,,,0,,,0,,,0,,,0,0,,1,0,0,,0,,,,,,1,,KY,Two or more races,,
8,9,1,,,0,428,,,,0,,,,,,0,,,1,,,0,,,0,,,0,0,,1,0,0,,0,,,,,,,1,KY,Unknown,,
9,1,0,,41689,7144,4930412,4930412,8.4554796,,1.4489661,171.36415,,0,,,1,,,1,,,0,,,1,,,,0,,,1,,,,,0,0,0,0,0,0,MA,White,,
9,2,0,,12437,766,463796,463796,26.815668,,1.6515882,61.590416,,0,,,1,,,1,,,0,,,1,,,,0,,,1,,,,,1,,,,,,MA,Black,,
9,3,0,,30516,652,789127,789127,38.670582,,.82622951,21.365841,,0,,,1,,,1,,,0,,,1,,,,0,,,1,,,,,,1,,,,,MA,Hispanic,1,1
9,4,0,,2966,234,442034,442034,6.7098913,,.52937102,78.894135,,0,,,1,,,1,,,0,,,1,,,,0,,,1,,,,,,,1,,,,MA,Asian,,
9,5,0,,,,8890,8890,,,,,,0,,,1,,,0,,,0,,,0,,,,0,,,0,,,,,,,,1,,,MA,Native American,,
9,6,0,,,,142666,142666,,,,,,0,,,1,,,0,,,0,,,0,,,,0,,,0,,,,,,,,,1,,MA,Two or more races,,
9,9,0,,80466,717,53268,53268,1510.588,,13.460238,8.9105959,,0,,,1,,,1,,,0,,,1,,,,0,,,1,,,,,,,,,,1,MA,Unknown,,
9,1,1,,,4,3331,2863,,,1.2008406,,,-14.049835,,,1,,,1,,,0,,,0,,,0,0,,1,0,0,,0,,0,0,0,0,0,0,MA,White,,
9,2,1,,,2,2263,1984,,,.88378257,,,-12.328767,,,1,,,1,,,0,,,0,,,0,0,,1,0,0,,0,,1,,,,,,MA,Black,,
9,3,1,,,0,2069,1803,,,0,,,-12.856452,,,1,,,1,,,0,,,0,,,0,0,,1,0,0,,0,,,1,,,,,MA,Hispanic,1,
9,4,1,,,0,119,114,,,0,,,-4.2016807,,,1,,,1,,,0,,,0,,,0,0,,1,0,0,,0,,,,1,,,,MA,Asian,,
9,5,1,,,1,44,39,,,22.727272,,,-11.363636,,,1,,,1,,,0,,,0,,,0,0,,1,0,0,,0,,,,,1,,,MA,Native American,,
9,6,1,,,,,,,,,,,,,,0,,,0,,,0,,,0,,,0,0,,1,0,0,,0,,,,,,1,,MA,Two or more races,,
9,9,1,,,1,114,87,,,8.7719297,,,-23.68421,,,1,,,1,,,0,,,0,,,0,0,,1,0,0,,0,,,,,,,1,MA,Unknown,,
10,1,0,,3634,121,1259217,1259217,2.8859203,,.096091457,33.296642,,0,,,1,,,1,,,0,,,1,,,,0,,,1,,,,,0,0,0,0,0,0,ME,White,,
10,2,0,,978,4,17881,17881,54.694927,,.22370113,4.0899796,,0,,,1,,,1,,,0,,,1,,,,0,,,1,,,,,1,,,,,,ME,Black,,
10,3,0,,204,,22411,22411,9.1026726,,,,,0,,,1,,,0,,,0,,,1,,,,0,,,0,,,,,,1,,,,,ME,Hispanic,0,0
10,4,0,,121,0,15235,15235,7.9422383,,0,0,,0,,,1,,,1,,,0,,,1,,,,0,,,1,,,,,,,1,,,,ME,Asian,,
10,5,0,,14,,8302,8302,1.6863407,,,,,0,,,1,,,0,,,0,,,1,,,,0,,,0,,,,,,,,1,,,ME,Native American,,
10,6,0,,26,,29208,29208,.89016706,,,,,0,,,1,,,0,,,0,,,1,,,,0,,,0,,,,,,,,,1,,ME,Two or more races,,
10,9,0,,1442,43,2970,2970,485.52188,,14.478114,29.819695,,0,,,1,,,1,,,0,,,1,,,,0,,,1,,,,,,,,,,1,ME,Unknown,,
10,1,1,,,0,1732.4798,,,,0,,,,,,0,,,1,,,0,,,0,,,0,0,,0,0,0,,0,0,0,0,0,0,0,0,ME,White,,
10,2,1,,,0,225.624,,,,0,,,,,,0,,,1,,,0,,,0,,,0,0,,0,0,0,,0,0,1,,,,,,ME,Black,,
10,3,1,,,,,,,,,,,,,,0,,,0,,,0,,,0,,,0,0,,0,0,0,,0,,,1,,,,,ME,Hispanic,,
10,4,1,,,0,172.0879974365234,,,,0,,,,,,0,,,1,,,0,,,0,,,0,0,,0,0,0,,0,0,,,1,,,,ME,Asian,,
10,5,1,,,0,54.605,,,,0,,,,,,0,,,1,,,0,,,0,,,0,0,,0,0,0,,0,0,,,,1,,,ME,Native American,,
10,6,1,,,0,,,,,,,,,,,0,,,0,,,0,,,0,,,0,0,,0,0,0,,0,0,,,,,1,,ME,Two or more races,,
10,9,1,,,0,79.39399719238281,,,,0,,,,,,0,,,1,,,0,,,0,,,0,0,,0,0,0,,0,0,,,,,,1,ME,Unknown,,
11,1,0,,68462,3850,8073520,8073520,8.4798203,,.47686759,56.235577,,0,,,1,,,1,,,0,,,1,,,,0,,,1,,,,,0,0,0,0,0,0,MI,White,,
11,2,0,,27465,2689,1516353,1516353,18.112537,,1.7733338,97.906425,,0,,,1,,,1,,,0,,,1,,,,0,,,1,,,,,1,,,,,,MI,Black,,
11,3,0,,9974,202,9957488,9957488,1.0016582,,.020286242,20.252657,,0,,,1,,,1,,,0,,,1,,,,0,,,1,,,,,,1,,,,,MI,Hispanic,0,0
11,4,0,,2633,91,379116,379116,6.9451036,,.24003208,34.561337,,0,,,1,,,1,,,0,,,1,,,,0,,,1,,,,,,,1,,,,MI,Asian,,
11,5,0,,633,22,146996,146996,4.3062396,,.14966394,34.755135,,0,,,1,,,1,,,0,,,1,,,,0,,,1,,,,,,,,1,,,MI,Native American,,
11,6,0,,9052,100,283718,283718,31.904921,,.35246265,11.047282,,0,,,1,,,1,,,0,,,1,,,,0,,,1,,,,,,,,,1,,MI,Two or more races,,
11,9,0,,70529,1465,147841,147841,477.05981,,9.9092941,20.771597,,0,,,1,,,1,,,0,,,1,,,,0,,,1,,,,,,,,,,1,MI,Unknown,,
11,1,1,16424,3239,36,16555,14906,195.65086,992.08698,2.1745696,11.114541,19.72114,-9.9607372,,,1,,,1,,,1,,,1,,,1,1,,1,1,1,,0,,0,0,0,0,0,0,MI,White,,
11,2,1,19573,3682,33,20405,18301,180.44597,959.22571,1.6172507,8.9625206,18.811628,-10.311198,,,1,,,1,,,1,,,1,,,1,1,,1,1,1,,0,,1,,,,,,MI,Black,,
11,3,1,1014,192,1,770,918,249.35065,1316.8831,1.2987013,5.2083335,18.934912,19.220779,,,1,,,1,,,1,,,1,,,1,1,,1,1,1,,0,,,1,,,,,MI,Hispanic,1,
11,4,1,138,20,,,115,,,,,14.492754,,,,0,,,0,,,0,,,0,,,1,1,,1,0,1,,0,,,,1,,,,MI,Asian,,
11,5,1,433,88,,,396,,,,,20.323326,,,,0,,,0,,,0,,,0,,,1,1,,1,0,1,,0,,,,,1,,,MI,Native American,,
11,6,1,,,,,,,,,,,,,,0,,,0,,,0,,,0,,,1,0,,1,0,1,,0,,,,,,1,,MI,Two or more races,,
11,9,1,132,8,0,770,122,10.38961,171.42857,0,0,6.060606,-84.155846,,,1,,,1,,,1,,,1,,,1,1,,1,1,1,,0,,,,,,,1,MI,Unknown,,
12,1,0,,48803,1580,4606044,4606044,10.595427,,.34302756,32.375057,,0,,,1,,,1,,,0,,,1,,,,0,,,1,,,,,0,0,0,0,0,0,MN,White,,
12,2,0,,16920,195,342186,342186,49.446793,,.56986552,11.524822,,0,,,1,,,1,,,0,,,1,,,,0,,,1,,,,,1,,,,,,MN,Black,,
12,3,0,,15308,97,308013,308013,49.6992,,.31492177,6.336556,,0,,,1,,,1,,,0,,,1,,,,0,,,1,,,,,,1,,,,,MN,Hispanic,1,0
12,4,0,,5401,96,264546,264546,20.416109,,.36288586,17.774487,,0,,,1,,,1,,,0,,,1,,,,0,,,1,,,,,,,1,,,,MN,Asian,,
12,5,0,,841,37,58982,58982,14.258588,,.62731004,43.995243,,0,,,1,,,1,,,0,,,1,,,,0,,,1,,,,,,,,1,,,MN,Native American,,
12,6,0,,1252,14,157767,157767,7.9357533,,.088738456,11.182109,,0,,,1,,,1,,,0,,,1,,,,0,,,1,,,,,,,,,1,,MN,Two or more races,,
12,9,0,,19615,133,97833,97833,200.49472,,1.3594595,6.7805252,,0,,,1,,,1,,,0,,,1,,,,0,,,1,,,,,,,,,,1,MN,Unknown,,
12,1,1,3837,227,1,4565,3849,49.726177,840.52576,.21905805,4.4052863,5.9160805,-15.684556,,,1,,,1,,,1,,,1,,,1,1,,1,1,1,,1,5,0,0,0,0,0,0,MN,White,,
12,2,1,2856,154,1,3323,2864,46.343666,859.46436,.30093288,6.4935064,5.3921571,-13.812819,,,1,,,1,,,1,,,1,,,1,1,,1,1,1,,1,1,1,,,,,,MN,Black,,
12,3,1,420,30,0,490,422,61.224491,857.14288,0,0,7.1428571,-13.877551,,,1,,,1,,,1,,,1,,,1,1,,1,1,1,,1,0,,1,,,,,MN,Hispanic,0,
12,4,1,200,10,0,239,201,41.841003,836.82007,0,0,5,-15.899582,,,1,,,1,,,1,,,1,,,1,1,,1,1,1,,1,0,,,1,,,,MN,Asian,,
12,5,1,607,39,0,784,607,49.7449,774.23468,0,0,6.4250412,-22.57653,,,1,,,1,,,1,,,1,,,1,1,,1,1,1,,1,0,,,,1,,,MN,Native American,,
12,6,1,,,,,,,,,,,,,,0,,,0,,,0,,,0,,,1,0,,1,0,1,,1,,,,,,1,,MN,Two or more races,,
12,9,1,23,2,0,17,23,117.64706,1352.9412,0,0,8.695652,35.294117,,,1,,,1,,,1,,,1,,,1,1,,1,1,1,,1,0,,,,,,1,MN,Unknown,,
13,1,0,,96728,2029,13904,6994240,6956.8472,,145.92923,20.976347,,50203.797,,,1,,,1,,,0,,,1,,,,0,,,1,,,,,0,0,0,0,0,0,NC,White,,
13,2,0,,38779,1014,17805,2179622,2177.9836,,56.950294,26.148172,,12141.629,,,1,,,1,,,0,,,1,,,,0,,,1,,,,,1,,,,,,NC,Black,,
13,3,0,,47245,295,1884,995529,25076.965,,156.58174,6.2440472,,52741.242,,,1,,,1,,,0,,,1,,,,0,,,1,,,,,,1,,,,,NC,Hispanic,1,0
13,4,0,,3556,51,7041,289203,505.0419,,7.2432895,14.341957,,4007.4138,,,1,,,1,,,0,,,1,,,,0,,,1,,,,,,,1,,,,NC,Asian,,
13,5,0,,2650,47,681,121352,3891.3362,,69.016151,17.735849,,17719.678,,,1,,,1,,,0,,,1,,,,0,,,1,,,,,,,,1,,,NC,Native American,,
13,6,0,,,,263301,263301,,,,,,0,,,1,,,0,,,0,,,0,,,,0,,,0,,,,,,,,,1,,NC,Two or more races,,
13,9,0,,138349,788,207,307906,668352.69,,3806.7632,5.6957407,,148646.86,,,1,,,1,,,0,,,1,,,,0,,,1,,,,,,,,,,1,NC,Unknown,,
13,1,1,,,6,14054,12130,,,.42692471,,,-13.690053,,,1,,,1,,,0,,,0,,,0,0,,1,0,0,,1,86,0,0,0,0,0,0,NC,White,,
13,2,1,,,9,17817,15824,,,.50513554,,,-11.185946,,,1,,,1,,,0,,,0,,,0,0,,1,0,0,,1,114,1,,,,,,NC,Black,,
13,3,1,,,0,1884,1770,,,0,,,-6.0509553,,,1,,,1,,,0,,,0,,,0,0,,1,0,0,,1,4,,1,,,,,NC,Hispanic,1,
13,4,1,,,0,104,96,,,0,,,-7.6923075,,,1,,,1,,,0,,,0,,,0,0,,1,0,0,,1,,,,1,,,,NC,Asian,,
13,5,1,,,0,718,596,,,0,,,-16.991644,,,1,,,1,,,0,,,0,,,0,0,,1,0,0,,1,4,,,,1,,,NC,Native American,,
13,6,1,,,,,,,,,,,,,,0,,,0,,,0,,,0,,,0,0,,1,0,0,,1,,,,,,1,,NC,Two or more races,,
13,9,1,,,1,1890,198,,,.52910054,,,-89.523811,,,1,,,1,,,0,,,0,,,0,0,,1,0,0,,1,3,,,,,,1,NC,Unknown,,
14,1,0,,12404,,655268,655268,18.929659,,,,,0,,,1,,,0,,,0,,,1,,,,0,,,0,,,,,0,0,0,0,0,0,ND,White,,
14,2,0,,1322,,20445,20445,64.661285,,,,,0,,,1,,,0,,,0,,,1,,,,0,,,0,,,,,1,,,,,,ND,Black,,
14,3,0,,,,27444,27444,,,,,,0,,,1,,,0,,,0,,,0,,,,0,,,0,,,,,,1,,,,,ND,Hispanic,0,0
14,4,0,,301,,11192,11192,26.894211,,,,,0,,,1,,,0,,,0,,,1,,,,0,,,0,,,,,,,1,,,,ND,Asian,,
14,5,0,,1159,,39462,39462,29.370028,,,,,0,,,1,,,0,,,0,,,1,,,,0,,,0,,,,,,,,1,,,ND,Native American,,
14,6,0,,,,18306,18306,,,,,,0,,,1,,,0,,,0,,,0,,,,0,,,0,,,,,,,,,1,,ND,Two or more races,,
14,9,0,,28164,191,7528,7528,3741.2327,,25.371944,6.7817073,,0,,,1,,,1,,,0,,,1,,,,0,,,1,,,,,,,,,,1,ND,Unknown,,
14,1,1,1029,17,,1092,,15.567765,942.30768,,,1.6520894,,,,0,,,0,,,1,,,1,,,1,1,,0,0,1,,0,,0,0,0,0,0,0,ND,White,,
14,2,1,198,2,,190,,10.526316,1042.1052,,,1.010101,,,,0,,,0,,,1,,,1,,,1,1,,0,0,1,,0,,1,,,,,,ND,Black,,
14,3,1,111,0,,112,,0,991.07141,,,0,,,,0,,,0,,,1,,,1,,,1,1,,0,0,1,,0,,,1,,,,,ND,Hispanic,1,
14,4,1,10,0,,10,,0,1000,,,0,,,,0,,,0,,,1,,,1,,,1,1,,0,0,1,,0,,,,1,,,,ND,Asian,,
14,5,1,379,7,,391,,17.902813,969.30945,,,1.8469657,,,,0,,,0,,,1,,,1,,,1,1,,0,0,1,,0,,,,,1,,,ND,Native American,,
14,6,1,,,,,,,,,,,,,,0,,,0,,,0,,,0,,,1,0,,0,0,1,,0,,,,,,1,,ND,Two or more races,,
14,9,1,,,,11,,,,,,,,,,0,,,0,,,0,,,0,,,1,0,,0,0,1,,0,,,,,,,1,ND,Unknown,,
15,1,0,,27600,370,1666463,1666463,16.562023,,.22202714,13.405797,,0,,,1,,,1,,,0,,,1,,,,0,,,1,,,,,0,0,0,0,0,0,NE,White,,
15,2,0,,2300,33,90860,90860,25.313669,,.36319613,14.347826,,0,,,1,,,1,,,0,,,1,,,,0,,,1,,,,,1,,,,,,NE,Black,,
15,3,0,,12000,91,214483,214483,55.94849,,.42427605,7.5833335,,0,,,1,,,1,,,0,,,1,,,,0,,,1,,,,,,1,,,,,NE,Hispanic,0,0
15,4,0,,1668,18,45497,45497,36.661758,,.39563048,10.791367,,0,,,1,,,1,,,0,,,1,,,,0,,,1,,,,,,,1,,,,NE,Asian,,
15,5,0,,437,11,17282,17282,25.286425,,.63650042,25.171625,,0,,,1,,,1,,,0,,,1,,,,0,,,1,,,,,,,,1,,,NE,Native American,,
15,6,0,,,,48600,48600,,,,,,0,,,1,,,0,,,0,,,0,,,,0,,,0,,,,,,,,,1,,NE,Two or more races,,
15,9,0,,26723,114,36058,36058,741.11157,,3.1615729,4.2659879,,0,,,1,,,1,,,0,,,1,,,,0,,,1,,,,,,,,,,1,NE,Unknown,,
15,1,1,927,132,,2949,2790,44.760937,314.34384,,,14.239482,-5.3916583,,,1,,,0,,,1,,,1,,,1,1,,0,0,1,,1,2,0,0,0,0,0,0,NE,White,,
15,2,1,608,64,,1555,1487,41.157555,390.9968,,,10.526316,-4.3729901,,,1,,,0,,,1,,,1,,,1,1,,0,0,1,,1,1,1,,,,,,NE,Black,,
15,3,1,251,37,,822,774,45.012165,305.35278,,,14.741035,-5.839416,,,1,,,0,,,1,,,1,,,1,1,,0,0,1,,1,,,1,,,,,NE,Hispanic,1,
15,4,1,14,1,,48,53,20.833334,291.66666,,,7.1428571,10.416667,,,1,,,0,,,1,,,1,,,1,1,,0,0,1,,1,,,,1,,,,NE,Asian,,
15,5,1,89,5,,276,257,18.115942,322.46378,,,5.6179776,-6.884058,,,1,,,0,,,1,,,1,,,1,1,,0,0,1,,1,,,,,1,,,NE,Native American,,
15,6,1,,,,,,,,,,,,,,0,,,0,,,0,,,0,,,1,0,,0,0,1,,1,,,,,,1,,NE,Two or more races,,
15,9,1,14,3,,38,48,78.947365,368.42105,,,21.428572,26.31579,,,1,,,0,,,1,,,1,,,1,1,,0,0,1,,1,,,,,,,1,NE,Unknown,,
16,1,0,,16901,545,1458093,1458093,11.591167,,.37377587,32.246613,,0,,,1,,,1,,,0,,,1,,,,0,,,1,,,,,0,0,0,0,0,0,NV,White,,
16,2,0,,4964,132,249967,249967,19.858622,,.52806973,26.591459,,0,,,1,,,1,,,0,,,1,,,,0,,,1,,,,,1,,,,,,NV,Black,,
16,3,0,,27052,253,831597,831597,32.530178,,.30423391,9.3523588,,0,,,1,,,1,,,0,,,1,,,,0,,,1,,,,,,1,,,,,NV,Hispanic,1,1
16,4,0,,4559,134,247631,247631,18.410458,,.54112774,29.39241,,0,,,1,,,1,,,0,,,1,,,,0,,,1,,,,,,,1,,,,NV,Asian,,
16,5,0,,305,8,26355,26355,11.572757,,.30354771,26.229507,,0,,,1,,,1,,,0,,,1,,,,0,,,1,,,,,,,,1,,,NV,Native American,,
16,6,0,,,,100513,100513,,,,,,0,,,1,,,0,,,0,,,0,,,,0,,,0,,,,,,,,,1,,NV,Two or more races,,
16,9,0,,46396,1051,8693,8693,5337.168,,120.90188,22.652815,,0,,,1,,,1,,,0,,,1,,,,0,,,1,,,,,,,,,,1,NV,Unknown,,
16,1,1,5194,,0,5545,5005,,936.69971,0,,,-9.7385035,,,1,,,1,,,1,,,0,,,1,0,,0,0,0,,0,0,0,0,0,0,0,0,NV,White,,
16,2,1,3709,,0,3954,3651,,938.03741,0,,,-7.663126,,,1,,,1,,,1,,,0,,,1,0,,0,0,0,,0,0,1,,,,,,NV,Black,,
16,3,1,2597,,0,2718,2548,,955.48199,0,,,-6.2545991,,,1,,,1,,,1,,,0,,,1,0,,0,0,0,,0,0,,1,,,,,NV,Hispanic,1,
16,4,1,335,,0,370,335,,905.4054,0,,,-9.4594593,,,1,,,1,,,1,,,0,,,1,0,,0,0,0,,0,0,,,1,,,,NV,Asian,,
16,5,1,221,,0,227,,,973.5683,0,,,,,,0,,,1,,,1,,,0,,,1,0,,0,0,0,,0,0,,,,1,,,NV,Native American,,
16,6,1,,,0,,,,,,,,,,,0,,,0,,,0,,,0,,,1,0,,0,0,0,,0,0,,,,,1,,NV,Two or more races,,
16,9,1,53,,0,58,44,,913.79309,0,,,-24.137932,,,1,,,1,,,1,,,0,,,1,0,,0,0,0,,0,0,,,,,,1,NV,Unknown,,
17,1,0,,,8819,10959534,10959534,,,.8046875,,,0,,,1,,,1,,,0,,,0,,,,0,,,0,,,,,0,0,0,0,0,0,NY,White,,
17,2,0,,,6454,2808679,2808679,,,2.2978773,,,0,,,1,,,1,,,0,,,0,,,,0,,,0,,,,,1,,,,,,NY,Black,,
17,3,0,,,6811,3705588,3705588,,,1.8380349,,,0,,,1,,,1,,,0,,,0,,,,0,,,0,,,,,,1,,,,,NY,Hispanic,1,1
17,4,0,,,1719,1621619,1621619,,,1.0600517,,,0,,,1,,,1,,,0,,,0,,,,0,,,0,,,,,,,1,,,,NY,Asian,,
17,5,0,,,,46139,46139,,,,,,0,,,1,,,0,,,0,,,0,,,,0,,,0,,,,,,,,1,,,NY,Native American,,
17,6,0,,,,371862,371862,,,,,,0,,,1,,,0,,,0,,,0,,,,0,,,0,,,,,,,,,1,,NY,Two or more races,,
17,9,0,,458649,8051,105032,105032,4366.7549,,76.652832,17.553728,,0,,,1,,,1,,,0,,,1,,,,0,,,1,,,,,,,,,,1,NY,Unknown,,
17,1,1,3389,126,1,12366.666,,10.18868,274.04315,.080862537,7.9365077,3.717911,,,,0,,,1,,,1,,,1,,,1,1,,1,1,1,,0,,0,0,0,0,0,0,NY,White,,
17,2,1,6579,387,10,24130.08,,16.038074,272.64725,.41442052,25.839794,5.8823528,,,,0,,,1,,,1,,,1,,,1,1,,1,1,1,,0,,1,,,,,,NY,Black,,
17,3,1,3122,233,4,12165.582,,19.152391,256.62561,.32879645,17.167381,7.4631648,,,,0,,,1,,,1,,,1,,,1,1,,1,1,1,,0,,,1,,,,,NY,Hispanic,1,
17,4,1,80,6,2,,,,,,333.33334,7.5,,,,0,,,0,,,0,,,0,,,1,1,,1,1,1,,0,,,,1,,,,NY,Asian,,
17,5,1,118,9,0,,,,,,0,7.6271186,,,,0,,,0,,,0,,,0,,,1,1,,1,1,1,,0,,,,,1,,,NY,Native American,,
17,6,1,,,,,,,,,,,,,,0,,,0,,,0,,,0,,,1,0,,1,0,1,,0,,,,,,1,,NY,Two or more races,,
17,9,1,194,12,0,1608.671997070313,,7.459569,120.59637,0,0,6.1855669,,,,0,,,1,,,1,,,1,,,1,1,,1,1,1,,0,,,,,,,1,NY,Unknown,,
18,1,0,,14067,369,3445933,3445933,4.0822034,,.10708275,26.231606,,0,,,1,,,1,,,0,,,1,,,,0,,,1,,,,,0,0,0,0,0,0,OR,White,,
18,2,0,,1150,13,77789,77789,14.783581,,.16711874,11.304348,,0,,,1,,,1,,,0,,,1,,,,0,,,1,,,,,1,,,,,,OR,Black,,
18,3,0,,12924,78,556397,556397,23.22802,,.14018767,6.0352831,,0,,,1,,,1,,,0,,,1,,,,0,,,1,,,,,,1,,,,,OR,Hispanic,0,0
18,4,0,,1575,26,190516,190516,8.2670221,,.13647148,16.507936,,0,,,1,,,1,,,0,,,1,,,,0,,,1,,,,,,,1,,,,OR,Asian,,
18,5,0,,838,12,46961,46961,17.844595,,.25553119,14.319809,,0,,,1,,,1,,,0,,,1,,,,0,,,1,,,,,,,,1,,,OR,Native American,,
18,6,0,,637,9,193660,193660,3.2892699,,.046473201,14.128729,,0,,,1,,,1,,,0,,,1,,,,0,,,1,,,,,,,,,1,,OR,Two or more races,,
18,9,0,,19119,224,127084,127084,150.4438,,1.7626137,11.716094,,0,,,1,,,1,,,0,,,1,,,,0,,,1,,,,,,,,,,1,OR,Unknown,,
18,1,1,,,6,10370,9593,,,.57859212,,,-7.4927678,,,1,,,1,,,0,,,0,,,0,0,,1,0,0,,0,,0,0,0,0,0,0,OR,White,,
18,2,1,,,1,1382,1245,,,.723589,,,-9.9131689,,,1,,,1,,,0,,,0,,,0,0,,1,0,0,,0,,1,,,,,,OR,Black,,
18,3,1,,,2,1948,1803,,,1.0266941,,,-7.443532,,,1,,,1,,,0,,,0,,,0,0,,1,0,0,,0,,,1,,,,,OR,Hispanic,1,
18,4,1,,,0,263,232,,,0,,,-11.787072,,,1,,,1,,,0,,,0,,,0,0,,1,0,0,,0,,,,1,,,,OR,Asian,,
18,5,1,,,0,469,431,,,0,,,-8.1023455,,,1,,,1,,,0,,,0,,,0,0,,1,0,0,,0,,,,,1,,,OR,Native American,,
18,6,1,,,,,,,,,,,,,,0,,,0,,,0,,,0,,,0,0,,1,0,0,,0,,,,,,1,,OR,Two or more races,,
18,9,1,,,,3,2,,,,,,-33.333332,,,1,,,0,,,0,,,0,,,0,0,,1,0,0,,0,,,,,,,1,OR,Unknown,,
19,1,0,,61097,5863,10341442,10341442,5.9079766,,.56694221,95.962158,,0,,,1,,,1,,,0,,,1,,,,0,,,1,,,,,0,0,0,0,0,0,PA,White,,
19,2,0,,20830,1668,1423319,1423319,14.634808,,1.1719087,80.076813,,0,,,1,,,1,,,0,,,1,,,,0,,,1,,,,,1,,,,,,PA,Black,,
19,3,0,,12998,472,974763,974763,13.334523,,.48422027,36.313278,,0,,,1,,,1,,,0,,,1,,,,0,,,1,,,,,,1,,,,,PA,Hispanic,0,0
19,4,0,,2857,167,431999,431999,6.6134415,,.38657498,58.452923,,0,,,1,,,1,,,0,,,1,,,,0,,,1,,,,,,,1,,,,PA,Asian,,
19,5,0,,,,24847,24847,,,,,,0,,,1,,,0,,,0,,,0,,,,0,,,0,,,,,,,,1,,,PA,Native American,,
19,6,0,,,,310880,310880,,,,,,0,,,1,,,0,,,0,,,0,,,,0,,,0,,,,,,,,,1,,PA,Two or more races,,
19,9,0,,178219,505,258694,258694,688.91815,,1.9521133,2.8335924,,0,,,1,,,1,,,0,,,1,,,,0,,,1,,,,,,,,,,1,PA,Unknown,,
19,1,1,,,3,20185,17561.829,,,.14862521,,,-12.995646,,,1,,,1,,,0,,,0,,,0,0,,1,0,0,,0,,0,0,0,0,0,0,PA,White,,
19,2,1,,,7,21102.5,18603.524,,,.33171424,,,-11.842085,,,1,,,1,,,0,,,0,,,0,0,,1,0,0,,0,,1,,,,,,PA,Black,,
19,3,1,,,1,4128.75,3722.6,,,.24220406,,,-9.8371181,,,1,,,1,,,0,,,0,,,0,0,,1,0,0,,0,,,1,,,,,PA,Hispanic,1,
19,4,1,,,0,,,,,,,,,,,0,,,0,,,0,,,0,,,0,0,,1,0,0,,0,,,,1,,,,PA,Asian,,
19,5,1,,,0,,,,,,,,,,,0,,,0,,,0,,,0,,,0,0,,1,0,0,,0,,,,,1,,,PA,Native American,,
19,6,1,,,,,,,,,,,,,,0,,,0,,,0,,,0,,,0,0,,1,0,0,,0,,,,,,1,,PA,Two or more races,,
19,9,1,,,,458.75,330.8710021972656,,,,,,-27.87553,,,1,,,0,,,0,,,0,,,0,0,,1,0,0,,0,,,,,,,1,PA,Unknown,,
20,1,0,,7539,732,767727,767727,9.8198967,,.95346391,97.095108,,0,,,1,,,1,,,0,,,1,,,,0,,,1,,,,,0,0,0,0,0,0,RI,White,,
20,2,0,,2465,56,59001,59001,41.778954,,.94913644,22.718052,,0,,,1,,,1,,,0,,,1,,,,0,,,1,,,,,1,,,,,,RI,Black,,
20,3,0,,8992,106,158858,158858,56.604012,,.66726261,11.788257,,0,,,1,,,1,,,0,,,1,,,,0,,,1,,,,,,1,,,,,RI,Hispanic,1,1
20,4,0,,388,13,35812,35812,10.834357,,.3630068,33.505154,,0,,,1,,,1,,,0,,,1,,,,0,,,1,,,,,,,1,,,,RI,Asian,,
20,5,0,,75,1,3708,3708,20.226538,,.26968718,13.333333,,0,,,1,,,1,,,0,,,1,,,,0,,,1,,,,,,,,1,,,RI,Native American,,
20,6,0,,169,1,24415,24415,6.9219742,,.040958427,5.9171596,,0,,,1,,,1,,,0,,,1,,,,0,,,1,,,,,,,,,1,,RI,Two or more races,,
20,9,0,,9940,410,7090,7090,1401.9746,,57.827927,41.247486,,0,,,1,,,1,,,0,,,1,,,,0,,,1,,,,,,,,,,1,RI,Unknown,,
20,1,1,,,0,961,835,,,0,,,-13.111342,,,1,,,1,,,0,,,0,,,0,0,,0,0,0,,0,0,0,0,0,0,0,0,RI,White,,
20,2,1,,,0,707,635,,,0,,,-10.183875,,,1,,,1,,,0,,,0,,,0,0,,0,0,0,,0,0,1,,,,,,RI,Black,,
20,3,1,,,0,646,602,,,0,,,-6.8111453,,,1,,,1,,,0,,,0,,,0,0,,0,0,0,,0,0,,1,,,,,RI,Hispanic,1,
20,4,1,,,0,38,28,,,0,,,-26.31579,,,1,,,1,,,0,,,0,,,0,0,,0,0,0,,0,0,,,1,,,,RI,Asian,,
20,5,1,,,0,24,18,,,0,,,-25,,,1,,,1,,,0,,,0,,,0,0,,0,0,0,,0,0,,,,1,,,RI,Native American,,
20,6,1,,,0,,,,,,,,,,,0,,,0,,,0,,,0,,,0,0,,0,0,0,,0,0,,,,,1,,RI,Two or more races,,
20,9,1,,,0,46,38,,,0,,,-17.391304,,,1,,,1,,,0,,,0,,,0,0,,0,0,0,,0,0,,,,,,1,RI,Unknown,,
21,1,0,,13779,149,710810,710810,19.384928,,.20962001,10.813557,,0,,,1,,,1,,,0,,,1,,,,0,,,1,,,,,0,0,0,0,0,0,SD,White,,
21,2,0,,1284,2,15840,15840,81.060608,,.12626262,1.5576324,,0,,,1,,,1,,,0,,,1,,,,0,,,1,,,,,1,,,,,,SD,Black,,
21,3,0,,1557,6,31995,31995,48.663853,,.1875293,3.8535645,,0,,,1,,,1,,,0,,,1,,,,0,,,1,,,,,,1,,,,,SD,Hispanic,1,1
21,4,0,,807,5,12776,12776,63.16531,,.39135879,6.195787,,0,,,1,,,1,,,0,,,1,,,,0,,,1,,,,,,,1,,,,SD,Asian,,
21,5,0,,2682,42,72263,72263,37.114429,,.58121032,15.659955,,0,,,1,,,1,,,0,,,1,,,,0,,,1,,,,,,,,1,,,SD,Native American,,
21,6,0,,,,19958,19958,,,,,,0,,,1,,,0,,,0,,,0,,,,0,,,0,,,,,,,,,1,,SD,Two or more races,,
21,9,0,,2280,19,647,647,3523.9568,,29.366306,8.333333,,0,,,1,,,1,,,0,,,1,,,,0,,,1,,,,,,,,,,1,SD,Unknown,,
21,1,1,,,0,1980,,,,0,,,,,,0,,,1,,,0,,,0,,,0,0,,0,0,0,,0,,0,0,0,0,0,0,SD,White,,
21,2,1,,,0,309,,,,0,,,,,,0,,,1,,,0,,,0,,,0,0,,0,0,0,,0,,1,,,,,,SD,Black,,
21,3,1,,,0,149,,,,0,,,,,,0,,,1,,,0,,,0,,,0,0,,0,0,0,,0,,,1,,,,,SD,Hispanic,1,
21,4,1,,,0,27,,,,0,,,,,,0,,,1,,,0,,,0,,,0,0,,0,0,0,,0,,,,1,,,,SD,Asian,,
21,5,1,,,0,1305,,,,0,,,,,,0,,,1,,,0,,,0,,,0,0,,0,0,0,,0,,,,,1,,,SD,Native American,,
21,6,1,,,0,,,,,,,,,,,0,,,0,,,0,,,0,,,0,0,,0,0,0,,0,,,,,,1,,SD,Two or more races,,
21,9,1,,,0,11,,,,0,,,,,,0,,,1,,,0,,,0,,,0,0,,0,0,0,,0,,,,,,,1,SD,Unknown,,
22,1,0,,15977,4629,11807263,11807263,1.3531501,,.39204684,289.72897,,0,,,1,,,1,,,0,,,1,,,,0,,,1,,,,,0,0,0,0,0,0,TX,White,,
22,2,0,,8888,1738,3269253,3269253,2.7186639,,.53161991,195.54456,,0,,,1,,,1,,,0,,,1,,,,0,,,1,,,,,1,,,,,,TX,Black,,
22,3,0,,21204,8618,10921556,10921556,1.9414816,,.78908169,406.43274,,0,,,1,,,1,,,0,,,1,,,,0,,,1,,,,,,1,,,,,TX,Hispanic,1,1
22,4,0,,801,288,1313194,1313194,.60996318,,.21931261,359.55057,,0,,,1,,,1,,,0,,,1,,,,0,,,1,,,,,,,1,,,,TX,Asian,,
22,5,0,,,,68452,68452,,,,,,0,,,1,,,0,,,0,,,0,,,,0,,,0,,,,,,,,1,,,TX,Native American,,
22,6,0,,,,463123,463123,,,,,,0,,,1,,,0,,,0,,,0,,,,0,,,0,,,,,,,,,1,,TX,Two or more races,,
22,9,0,,1403952,794,42354,42354,33148.039,,18.746754,.56554639,,0,,,1,,,1,,,0,,,1,,,,0,,,1,,,,,,,,,,1,TX,Unknown,,
22,1,1,,,43,47225,,,,.91053468,,,,,,0,,,1,,,0,,,0,,,0,0,,1,0,0,,0,,0,0,0,0,0,0,TX,White,,
22,2,1,,,42,45842,,,,.91619039,,,,,,0,,,1,,,0,,,0,,,0,0,,1,0,0,,0,,1,,,,,,TX,Black,,
22,3,1,,,48,46563,,,,1.0308614,,,,,,0,,,1,,,0,,,0,,,0,0,,1,0,0,,0,,,1,,,,,TX,Hispanic,1,
22,4,1,,,,,,,,,,,,,,0,,,0,,,0,,,0,,,0,0,,1,0,0,,0,,,,1,,,,TX,Asian,,
22,5,1,,,,,,,,,,,,,,0,,,0,,,0,,,0,,,0,0,,1,0,0,,0,,,,,1,,,TX,Native American,,
22,6,1,,,,,,,,,,,,,,0,,,0,,,0,,,0,,,0,0,,1,0,0,,0,,,,,,1,,TX,Two or more races,,
22,9,1,,,1,789,,,,1.2674271,,,,,,0,,,1,,,0,,,0,,,0,0,,1,0,0,,0,,,,,,,1,TX,Unknown,,
23,1,0,,1463,55,589546,589546,2.4815705,,.093292125,37.593987,,0,,,1,,,1,,,0,,,1,,,,0,,,1,,,,,0,0,0,0,0,0,VT,White,,
23,2,0,,174,,8058,8058,21.593447,,,,,0,,,1,,,0,,,0,,,1,,,,0,,,0,,,,,1,,,,,,VT,Black,,
23,3,0,,59,0,12450,12450,4.738956,,0,0,,0,,,1,,,1,,,0,,,1,,,,0,,,1,,,,,,1,,,,,VT,Hispanic,0,0
23,4,0,,66,2,10763,10763,6.1321192,,.1858218,30.30303,,0,,,1,,,1,,,0,,,1,,,,0,,,1,,,,,,,1,,,,VT,Asian,,
23,5,0,,2,,2106,2106,.94966763,,,,,0,,,1,,,0,,,0,,,1,,,,0,,,0,,,,,,,,1,,,VT,Native American,,
23,6,0,,,,12078,12078,,,,,,0,,,1,,,0,,,0,,,0,,,,0,,,0,,,,,,,,,1,,VT,Two or more races,,
23,9,0,,51,1,2426,2426,21.022259,,.41220117,19.607843,,0,,,1,,,1,,,0,,,1,,,,0,,,1,,,,,,,,,,1,VT,Unknown,,
23,1,1,1721,44,0,1402,1214,31.383738,1227.5321,0,0,2.556653,-13.409415,,,1,,,1,,,1,,,1,,,1,1,,0,1,1,,0,0,0,0,0,0,0,0,VT,White,,
23,2,1,155,9,0,153,126,58.823528,1013.0719,0,0,5.8064518,-17.647058,,,1,,,1,,,1,,,1,,,1,1,,0,1,1,,0,0,1,,,,,,VT,Black,,
23,3,1,,,0,4,,,,0,,,,,,0,,,1,,,0,,,0,,,1,0,,0,0,1,,0,0,,1,,,,,VT,Hispanic,1,
23,4,1,11,0,0,6,6,0,1833.3334,0,,0,0,,,1,,,1,,,1,,,1,,,1,1,,0,1,1,,0,0,,,1,,,,VT,Asian,,
23,5,1,16,0,0,18,15,0,888.88892,0,,0,-16.666666,,,1,,,1,,,1,,,1,,,1,1,,0,1,1,,0,0,,,,1,,,VT,Native American,,
23,6,1,,,0,,,,,,,,,,,0,,,0,,,0,,,0,,,1,0,,0,0,1,,0,0,,,,,1,,VT,Two or more races,,
23,9,1,85,2,0,56,48,35.714287,1517.8572,0,0,2.3529413,-14.285714,,,1,,,1,,,1,,,1,,,1,1,,0,1,1,,0,0,,,,,,1,VT,Unknown,,
24,1,0,,23396,1414,5039208,5039208,4.6427932,,.28059965,60.437683,,0,,,1,,,1,,,0,,,1,,,,0,,,1,,,,,0,0,0,0,0,0,WA,White,,
24,2,0,,3513,69,259482,259482,13.538511,,.26591441,19.641333,,0,,,1,,,1,,,0,,,1,,,,0,,,1,,,,,1,,,,,,WA,Black,,
24,3,0,,24577,295,911573,911573,26.961088,,.32361642,12.003093,,0,,,1,,,1,,,0,,,1,,,,0,,,1,,,,,,1,,,,,WA,Hispanic,1,1
24,4,0,,4394,191,648496,648496,6.7756777,,.29452765,43.468365,,0,,,1,,,1,,,0,,,1,,,,0,,,1,,,,,,,1,,,,WA,Asian,,
24,5,0,,995,55,80274,80274,12.395047,,.68515337,55.276382,,0,,,1,,,1,,,0,,,1,,,,0,,,1,,,,,,,,1,,,WA,Native American,,
24,6,0,,1550,23,343226,343226,4.515975,,.067011237,14.83871,,0,,,1,,,1,,,0,,,1,,,,0,,,1,,,,,,,,,1,,WA,Two or more races,,
24,9,0,,57021,118,12077,12077,4721.4541,,9.7706385,2.0694129,,0,,,1,,,1,,,0,,,1,,,,0,,,1,,,,,,,,,,1,WA,Unknown,,
24,1,1,,325,,13082.712,,24.841944,,,,,,,,0,,,0,,,0,,,1,,,0,0,,1,0,1,,1,14,0,0,0,0,0,0,WA,White,,
24,2,1,,68,,3308.272,,20.554537,,,,,,,,0,,,0,,,0,,,1,,,0,0,,1,0,1,,1,1,1,,,,,,WA,Black,,
24,3,1,,71,,2725.565,,26.049644,,,,,,,,0,,,0,,,0,,,1,,,0,0,,1,0,1,,1,,,1,,,,,WA,Hispanic,0,
24,4,1,,16,,808.27099609375,,19.795341,,,,,,,,0,,,0,,,0,,,1,,,0,0,,1,0,1,,1,1,,,1,,,,WA,Asian,,
24,5,1,,34,,1109.023,,30.657616,,,,,,,,0,,,0,,,0,,,1,,,0,0,,1,0,1,,1,1,,,,1,,,WA,Native American,,
24,6,1,,,,,,,,,,,,,,0,,,0,,,0,,,0,,,0,0,,1,0,1,,1,,,,,,1,,WA,Two or more races,,
24,9,1,,15,,488.7219848632813,,30.692297,,,,,,,,0,,,0,,,0,,,1,,,0,0,,1,0,1,,1,1,,,,,,1,WA,Unknown,,
25,1,0,,90773,1000,4945966,4945966,18.352936,,.20218498,11.016492,,0,,,1,,,1,,,0,,,1,,,,0,,,1,,,,,0,0,0,0,0,0,WI,White,,
25,2,0,,11938,237,368744,368744,32.374763,,.64272231,19.852571,,0,,,1,,,1,,,0,,,1,,,,0,,,1,,,,,1,,,,,,WI,Black,,
25,3,0,,21106,153,403833,403833,52.264179,,.37886947,7.2491236,,0,,,1,,,1,,,0,,,1,,,,0,,,1,,,,,,1,,,,,WI,Hispanic,0,0
25,4,0,,3010,36,161331,161331,18.657295,,.22314373,11.960133,,0,,,1,,,1,,,0,,,1,,,,0,,,1,,,,,,,1,,,,WI,Asian,,
25,5,0,,1420,17,50422,50422,28.16231,,.33715442,11.971831,,0,,,1,,,1,,,0,,,1,,,,0,,,1,,,,,,,,1,,,WI,Native American,,
25,6,0,,,,135990,135990,,,,,,0,,,1,,,0,,,0,,,0,,,,0,,,0,,,,,,,,,1,,WI,Two or more races,,
25,9,0,,40342,75,115941,115941,347.95285,,.64688075,1.8591046,,0,,,1,,,1,,,0,,,1,,,,0,,,1,,,,,,,,,,1,WI,Unknown,,
25,1,1,11966,662,,11123,10852.46,59.516319,1075.7889,,,5.5323415,-2.4322574,,,1,,,0,,,1,,,1,,,1,1,,0,0,1,,0,,0,0,0,0,0,0,WI,White,,
25,2,1,9785,763,,9081,8900.309999999999,84.021584,1077.5245,,,7.7976494,-1.9897588,,,1,,,0,,,1,,,1,,,1,1,,0,0,1,,0,,1,,,,,,WI,Black,,
25,3,1,,,,1850,1824.35,,,,,,-1.3864865,,,1,,,0,,,0,,,0,,,1,0,,0,0,1,,0,,,1,,,,,WI,Hispanic,0,
25,4,1,279,20,,213,208.4700012207031,93.896713,1309.8591,,,7.1684589,-2.12676,,,1,,,0,,,1,,,1,,,1,1,,0,0,1,,0,,,,1,,,,WI,Asian,,
25,5,1,1014,49,,908,885.76,53.964756,1116.7401,,,4.8323469,-2.4493392,,,1,,,0,,,1,,,1,,,1,1,,0,0,1,,0,,,,,1,,,WI,Native American,,
25,6,1,,,,,,,,,,,,,,0,,,0,,,0,,,0,,,1,0,,0,0,1,,0,,,,,,1,,WI,Two or more races,,
25,9,1,20,0,,,,,,,,0,,,,0,,,0,,,0,,,0,,,1,1,,0,0,1,,0,,,,,,,1,WI,Unknown,,
999,1,0,,836069,46114,88505312,95485648,9.4465399,,.5210309,55.155735,,,,,0,46114,88505312,0,,,0,836069,88505312,0,,,,0,46114,,0,,836069,,,0,0,0,0,0,0,,,,
999,2,0,,202480,16140,12249633,14411450,16.529474,,1.3175905,79.711578,,,,,0,16140,12249633,0,,,0,202480,12249633,0,,,,0,16140,,0,,202480,,,1,,,,,,,,,
999,3,0,,619087,19246,32651288,33644932,18.960569,,.58944076,31.087715,,,,,0,19246,32651288,0,,,0,619087,32651288,0,,,,0,19246,,0,,619087,,,,1,,,,,,,,
999,4,0,,75448,3366,7110129,7392291,10.611341,,.47340915,44.61351,,,,,0,3366,7110129,0,,,0,75448,7110129,0,,,,0,3366,,0,,75448,,,,,1,,,,,,,
999,5,0,,14662,285,808837,929508,18.127262,,.35235777,19.438004,,,,,0,285,808837,0,,,0,14662,808837,0,,,,0,285,,0,,14662,,,,,,1,,,,,,
999,6,0,,18067,235,3782444,3782444,4.7765412,,.062129144,13.00714,,,,,0,235,3782444,0,,,0,18067,3782444,0,,,,0,235,,0,,18067,,,,,,,1,,,,,
999,9,0,,2842510,15638,1266760,1574459,2243.9214,,12.34488,5.5014758,,,,,0,15638,1266760,0,,,0,2842510,1266760,0,,,,0,15638,,0,,2842510,,,,,,,,1,,,,
999,1,1,62350,10670,114.5,232998.859375,102554.2890625,96.071274,800.46051,.63923931,6.8209686,12.833299,-10.511872,114601,102554.29,0,114.5,179119.14,0,62350,77892.664,0,10670,111063.38,0,7335,57156,0,0,44.5,0,0,0,6524,0,283,0,0,0,0,0,0,,,,
999,2,1,52218,8941,140.5,207891.46875,83200.8359375,82.73008,710.55457,.88628882,13.022297,12.711043,-10.218639,92670.5,83200.836,0,140.5,158526.2,0,52218,73489.078,0,8941,108074.35,0,6166,48509,0,0,69.5,0,0,0,5337,0,398,1,,,,,,,,,
999,3,1,16300,7185,80,145632.890625,25483.94921875,87.15625,602.59711,.94403827,18.136335,11.938992,-6.6445065,27297.75,25483.949,0,80,84742.328,0,16300,27049.582,0,7185,82438.148,0,1636,13703,0,0,29,0,0,0,1599,0,204,,1,,,,,,,,
999,4,1,1338,285,2,7986.35888671875,4391.47021484375,76.125626,898.8764,0,40.816326,8.9730806,-17.074457,5157,4276.4702,0,0,5189.0879,0,1120,1246,0,259,3402.271,0,90,1003,0,0,2,0,0,0,49,0,3,,,1,,,,,,,
999,5,1,3845,375,22,7720.6279296875,4384.759765625,61.018131,896.5705,4.368022,109.375,9.4094925,-8.5985336,4364,3988.76,0,22,5036.605,0,3294,3674,0,278,4556.0229,0,341,3624,0,0,21,0,0,0,192,0,7,,,,1,,,,,,
999,6,1,,,0,,,,,,,,,,,0,,,0,,,0,,,0,,,0,0,,0,0,0,,0,0,,,,,1,,,,,
999,9,1,758,789,3,13877.5380859375,1425.870971679688,82.191261,264.06616,.4628154,0,11.914893,-64.929695,4065.75,1425.871,0,3,6482.0659,0,729,2760.6719,0,788,9587.3936,0,84,705,0,0,0,0,0,0,80,0,4,,,,,,1,,,,
